<?xml version="1.0" encoding="UTF-8"?>
<beans xmlns="http://www.springframework.org/schema/beans"
	xmlns:xsi="http://www.w3.org/2001/XMLSchema-instance"
	xmlns:context="http://www.springframework.org/schema/context"
	xmlns:tx="http://www.springframework.org/schema/tx"
	xmlns:jdbc="http://www.springframework.org/schema/jdbc"
	xsi:schemaLocation="
         http://www.springframework.org/schema/beans http://www.springframework.org/schema/beans/spring-beans.xsd
         http://www.springframework.org/schema/context http://www.springframework.org/schema/context/spring-context.xsd
         http://www.springframework.org/schema/tx http://www.springframework.org/schema/tx/spring-tx.xsd
         http://www.springframework.org/schema/jdbc http://www.springframework.org/schema/jdbc/spring-jdbc.xsd">

	<!-- 1. @Component, @Service, @Repository, @Controller 탐색 -->
	<context:component-scan
		base-package="service,controller,mapper" />

	<!-- 2. 외부 설정파일(hikari.properties) 로딩 -->
	<context:property-placeholder
		location="classpath:config/hikari.properties" />

	<!-- 3. HikariCP 설정 -->
	<bean id="hikariConfig" class="com.zaxxer.hikari.HikariConfig">
		<property name="driverClassName"
			value="${db.driverClassName}" />
		<property name="jdbcUrl" value="${db.jdbcUrl}" />
		<property name="username" value="${db.username}" />
		<property name="password" value="${db.password}" />
	</bean>

	<bean id="dataSource" class="com.zaxxer.hikari.HikariDataSource"
		destroy-method="close">
		<constructor-arg ref="hikariConfig" />
	</bean>

	<!-- 4. MyBatis SqlSessionFactory -->
	<bean id="sqlSessionFactory"
		class="org.mybatis.spring.SqlSessionFactoryBean">
		<property name="dataSource" ref="dataSource" />
		<property name="configLocation"
			value="classpath:config/mybatis-config.xml" />
	</bean>

	<!-- 5. Mapper 인터페이스 자동 등록 -->
	<bean class="org.mybatis.spring.mapper.MapperScannerConfigurer">
		<property name="basePackage" value="mapper" />
	</bean>

	<!-- 6. 트랜잭션 매니저 -->
	<bean id="transactionManager"
		class="org.springframework.jdbc.datasource.DataSourceTransactionManager">
		<property name="dataSource" ref="dataSource" />
	</bean>

	<tx:annotation-driven
		transaction-manager="transactionManager" />

</beans>
